ID_REF	HG002_01
cg00381604	0.00000
cg21870274	0.00000
cg00002271	0.90480
cg08058514	0.80000
cg00004581	0.39130
