ER	Sites	ALT_COUNT	DP	Correction_level	FILTER
0.001358458546213252	12345	12582	108594375	1x	1
0.000279843151021460	12345	1024	37681964	2x	1
0.000118545420564036	12345	298	3866635	3x	1
4.50878455641646e-05	12345	3025	56707769	4x	1